1|Sitz der Vollkommenheit|Совершенная поза|Upright seat with the heels arranged along the body's midline and the feet tucked between thighs and calves. The Russian text specifies the right hand over the left, both palms upward, in the lap.|Aufrechter Sitz mit den Fersen an der Körpermittellinie und den Füßen zwischen Oberschenkeln und Waden. Der russische Text beschreibt die rechte Hand über der linken, beide Handflächen nach oben im Schoß.|Вертикальный сед: пятки расположены по средней линии тела, стопы убраны между бёдрами и икрами. В русском тексте указано положение правой кисти поверх левой, обеими ладонями вверх, в области таза.|palm_stack|tucked_feet|stacked|5,8
2|Lotussitz|Поза лотоса|Each foot rests high on the opposite thigh, with the heels drawn toward the lower abdomen. In the selected plate the hands overlap in the lap, palms upward; other plates show different hand positions.|Jeder Fuß liegt hoch auf dem gegenüberliegenden Oberschenkel; die Fersen sind zum Unterbauch gezogen. Im ausgewählten Bild liegen die Hände mit nach oben gerichteten Handflächen übereinander im Schoß; andere Bilder zeigen weitere Handstellungen.|Каждая стопа лежит высоко на противоположном бедре, пятки приближены к нижней части живота. На выбранной фотографии кисти лежат одна на другой ладонями вверх; на других иллюстрациях показаны иные положения рук.|palm_stack|lotus_height|stacked|2,3,4
3|Kniender Fersensitz|Благоприятная поза на коленях|Kneeling with the pelvis over the heels. The selected side photograph shows the hands lowered behind the hips; the Russian section also describes hands on the thighs and separate toe-holding variants. These should not be merged into one hand position.|Kniestand mit dem Becken über den Fersen. Die ausgewählte Seitenaufnahme zeigt die Hände hinter der Hüfte abgesenkt; der russische Abschnitt beschreibt auch Hände auf den Oberschenkeln und gesonderte Zehengriff-Varianten. Diese Stellungen dürfen nicht zu einer Handposition vermischt werden.|Сед на пятках. На выбранной боковой фотографии кисти опущены позади таза; русский текст также описывает руки на бёдрах и отдельные варианты захвата пальцев ног. Эти положения рук не следует объединять в одно.|palm_orientation,variant_conflict|heel_contact|obscured|1,3,4
4|Freier Sitz|Свободная поза|The heels are stacked low at the centre of the pelvis, with the feet concealed by the folded legs. The selected photograph shows the hands resting at the knees; the text also allows the hands to overlap.|Die Fersen liegen tief übereinander in der Beckenmitte; die Füße sind zwischen den angewinkelten Beinen verborgen. Im ausgewählten Foto ruhen die Hände an den Knien; der Text nennt auch übereinanderliegende Hände.|Пятки расположены низко одна над другой по центру таза, стопы скрыты между согнутыми ногами. На выбранной фотографии кисти лежат у коленей; текст также допускает положение кистей одна на другой.|knee_hand_surface|heel_stack|unclear|1,2
5|Diamantsitz|Поза алмаза|The knees rest on the ground and the pelvis sits over the heels. The text describes the big toes and heels together. Hands rest on the thighs toward the knees, with fingers directed down along the knee contours.|Die Knie liegen am Boden, das Becken ruht über den Fersen. Laut Text liegen große Zehen und Fersen zusammen. Die Hände ruhen auf den Oberschenkeln nahe den Knien; die Finger folgen den Kniekonturen nach unten.|Колени находятся на полу, таз — над пятками. В тексте указано, что большие пальцы ног и пятки соединены. Кисти лежат на бёдрах у коленей, пальцы направлены вниз вдоль их контуров.|knee_hand_surface|feet_together|extended|1
6|Glückverheißender Sitz|Благоприятный скрещённый сед|The feet are tucked into the opposite thigh–calf folds, with both knees lowered. The selected photograph shows open hands at the knees and curved thumb–index areas; the small finger contacts are not sharply resolved.|Die Füße sind in den Falten zwischen gegenüberliegendem Oberschenkel und Wade verborgen, beide Knie abgesenkt. Das Foto zeigt offene Hände an den Knien und gekrümmte Daumen-Zeigefinger-Bereiche; die genauen Fingerkontakte sind nicht scharf erkennbar.|Стопы убраны в складки между противоположными бёдрами и икрами, оба колена опущены. На фотографии кисти раскрыты у коленей, большой и указательный пальцы согнуты; точные контакты пальцев различимы недостаточно чётко.|palm_orientation|tucked_feet|gesture_unclear|2,3
7|Löwensitz|Поза льва|A squat supported on the toes, with raised heels together and knees apart. The selected picture shows the fingers curving down around the knees; the text also permits overlapping hands.|Hocke auf den Zehen, mit angehobenen, aneinanderliegenden Fersen und geöffneten Knien. Im Foto umfassen die Finger die Knie nach unten; der Text erlaubt auch übereinanderliegende Hände.|Присед с опорой на пальцы ног, поднятыми соединёнными пятками и разведёнными коленями. На фото пальцы кистей огибают колени вниз; текст допускает также сложенные кисти.|knee_hand_surface|toe_support,heel_height|curved|1,2,3
8|Kuhgesicht|Поза коровьей головы|The knees overlap, with folded feet beside and beneath the pelvis. One arm reaches down behind the shoulder and the other up the back; the text specifies eight interlocked fingers. A second plate reverses the sides.|Die Knie liegen übereinander, die Füße neben und unter dem Becken. Ein Arm greift hinter der Schulter nach unten, der andere am Rücken nach oben; laut Text verschränken sich acht Finger. Ein weiteres Bild zeigt die Gegenseite.|Колени расположены одно над другим, согнутые стопы — сбоку и под тазом. Одна рука направлена за плечом вниз, другая за спиной вверх; текст указывает сцепление восьми пальцев. Другой снимок показывает смену сторон.|back_clasp|heel_contact|interlocked|1,2
9|Heldenausfallschritt|Поза героя в выпаде|The front foot is flat and the rear instep lies on the floor, toes pointing backward. The front arm extends at shoulder height; the other fist rests near the navel. The text specifies thumbs enclosed inside both fists.|Der vordere Fuß steht flach, der hintere Fußrücken liegt am Boden, die Zehen zeigen zurück. Der vordere Arm ist auf Schulterhöhe gestreckt; die andere Faust liegt am Nabel. Laut Text sind beide Daumen in den Fäusten eingeschlossen.|Передняя стопа стоит полностью на полу, задняя лежит на подъёме пальцами назад. Передняя рука вытянута на уровне плеча, другой кулак находится у пупка. По тексту большие пальцы зажаты внутри обоих кулаков.|fist_missing,rear_hand_waist|rear_instep|fist_thumb_inside|2
10|Bogen mit Beinen über dem Kopf|Поза лука с ногами за головой|From a supine position the straight legs pass overhead. The arms extend along the floor to hold both big toes, with straight elbows and the feet together, as specified in the text.|Aus der Rückenlage führen die gestreckten Beine über den Kopf. Die Arme reichen am Boden zu beiden großen Zehen und halten sie; laut Text bleiben Ellenbogen gestreckt und Füße zusammen.|Из положения на спине прямые ноги заведены за голову. Руки вытянуты вдоль пола и удерживают оба больших пальца ног; по тексту локти выпрямлены, стопы соединены.|toe_grip_missing,elbow_path|overhead_toe_contact,feet_together|toe_grip|1,2
11|Ruhestellung|Поза покоя|Supine, with the heels touching and the toes turned outward as the text specifies. Arms lie beside the body, palms upward, with relaxed fingers.|Rückenlage mit sich berührenden Fersen und nach außen fallenden Zehen, wie im Text beschrieben. Die Arme liegen neben dem Körper, Handflächen nach oben, Finger entspannt.|Лёжа на спине: пятки соприкасаются, носки развёрнуты наружу, как указано в тексте. Руки лежат вдоль тела ладонями вверх, пальцы расслаблены.|palm_orientation|heels_together_outturn|relaxed|1
12|Verborgener Sitz|Скрытая поза|The heels align beneath the pelvis and the toes are concealed beneath the opposite thighs. Hands rest at the knees; the photograph suggests curved thumb–index positions, but the exact small contacts are indistinct.|Die Fersen liegen unter der Beckenmitte, die Zehen verborgen unter den gegenüberliegenden Oberschenkeln. Die Hände ruhen an den Knien; Daumen und Zeigefinger erscheinen gekrümmt, ihre genauen Kontakte sind nicht deutlich erkennbar.|Пятки расположены под серединой таза, пальцы ног скрыты под противоположными бёдрами. Кисти лежат у коленей; большой и указательный пальцы выглядят согнутыми, но их точные контакты различимы нечётко.|palm_orientation|tucked_feet|gesture_unclear|1
13|Fisch|Поза рыбы|In the illustrated lotus backbend, the crown and knees meet the floor. Each hand holds the opposite foot; the feet remain high on the thighs.|In der gezeigten Rückbeuge im Lotus berühren Scheitel und Knie den Boden. Jede Hand hält den gegenüberliegenden Fuß; die Füße bleiben hoch auf den Oberschenkeln.|В показанном прогибе из лотоса макушка и колени касаются пола. Каждая кисть удерживает противоположную стопу; стопы остаются высоко на бёдрах.|toe_grip_missing|lotus_height|foot_grip|1
14|Drehsitz des Matsyendra|Поза Матсьендры|One foot rests on the opposite thigh; the other crosses beyond the knee. The front hand holds the crossed foot's toes, while the arm behind the back reaches the lotus heel.|Ein Fuß liegt auf dem gegenüberliegenden Oberschenkel, der andere jenseits des Knies. Die vordere Hand hält dessen Zehen; der Arm hinter dem Rücken reicht zur Lotusferse.|Одна стопа лежит на противоположном бедре, другая поставлена за коленом. Передняя кисть держит пальцы переставленной стопы, рука за спиной достигает пятки ноги в лотосе.|toe_grip_missing,back_clasp|lotus_height|toe_grip|3,4
15|Sitz des Goraksha|Поза Горакши|The soles meet beneath the pelvis, knees on the floor. After arranging the feet, the hands rest at the knees. The small finger contacts in the photograph are indistinct.|Die Fußsohlen treffen sich unter dem Becken, die Knie liegen am Boden. Nach dem Einrichten der Füße ruhen die Hände an den Knien. Kleine Fingerkontakte sind im Foto undeutlich.|Подошвы соединены под тазом, колени на полу. После установки стоп кисти помещены у коленей. Мелкие контакты пальцев на фотографии нечёткие.|palm_orientation|heel_contact|gesture_unclear|1
16|Sitzende Vorbeuge|Наклон вперёд сидя|Straight legs lie together on the floor, hands holding the toes. The later plate shows a deeper fold with fingers interlaced beyond the feet; it is a distinct grip variant.|Die gestreckten Beine liegen zusammen am Boden, die Hände halten die Zehen. Ein weiteres Bild zeigt eine tiefere Beuge mit verschränkten Fingern hinter den Füßen: eine eigene Griffvariante.|Прямые ноги лежат вместе на полу, кисти удерживают пальцы ног. На следующем снимке наклон глубже, пальцы кистей переплетены за стопами; это отдельный вариант захвата.|toe_grip_missing,variant_conflict|feet_together|toe_grip|2,3
17|Hocke auf den Zehen|Присед на носках|A deep squat on the toes, heels together beneath the pelvis. Elbows rest at the knees and the fingers interlace in front of the chest.|Tiefe Hocke auf den Zehen, Fersen zusammen unter dem Becken. Die Ellenbogen ruhen an den Knien, die Finger sind vor der Brust verschränkt.|Глубокий присед на пальцах ног, пятки соединены под тазом. Локти находятся у коленей, пальцы кистей переплетены перед грудью.|interlock_missing|feet_together|interlocked|2
18|Verschlungener Einbeinstand|Переплетённая стойка|One leg wraps around the supporting leg. The text and photograph also show the arms winding around each other overhead, rather than a simple uncrossed prayer position.|Ein Bein umschlingt das Standbein. Text und Foto zeigen auch über dem Kopf umeinander gewundene Arme; eine einfache Gebetshaltung ohne Armkreuzung entspricht dem nicht.|Одна нога обвивает опорную. Текст и фотография также показывают переплетение рук над головой; простое соединение ладоней без перекрещивания рук этому не соответствует.|arm_wrap|leg_wrap|obscured|1,2
19|Pfau|Поза павлина|In the horizontal balance the palms bear the weight, hands close together and elbows pressed into the navel region. The legs extend together behind the body. Other plates show preparation and a one-hand variant.|Im waagerechten Gleichgewicht tragen eng nebeneinanderliegende Handflächen das Gewicht; die Ellenbogen drücken an die Nabelregion. Die Beine sind zusammen nach hinten gestreckt. Weitere Bilder zeigen Vorbereitung und Einhandvariante.|В горизонтальном равновесии вес на близко поставленных ладонях, локти упираются в область пупка. Ноги вытянуты вместе назад. Другие снимки показывают подготовку и вариант на одной руке.|hand_spacing,elbow_path|feet_together|support|2,4,5,6
20|Hahn|Поза петуха|Both arms pass between the thighs and calves of the lotus legs. Palms press into the floor with a four-finger-width gap, lifting the folded legs and pelvis.|Beide Arme verlaufen zwischen Oberschenkeln und Waden der Lotusbeine. Die Handflächen stützen mit vier Fingerbreiten Abstand am Boden und heben Beine und Becken an.|Обе руки проходят между бёдрами и икрами ног в лотосе. Ладони опираются на пол на расстоянии четырёх пальцев, таз и сложенные ноги подняты.|hand_spacing,arm_thread|lotus_height|support|1
21|Schildkröte im Fersensitz|Черепаха в седе на пятках|Seated on the heels with toes touching, the trunk inclines forward. Elbows press into the navel region; both hands form fists with the thumbs enclosed inside.|Im Fersensitz mit sich berührenden Zehen neigt sich der Rumpf vor. Die Ellenbogen drücken an die Nabelregion; beide Hände bilden Fäuste mit innen eingeschlossenen Daumen.|Сед на пятках, пальцы ног соприкасаются, корпус наклонён вперёд. Локти упираются в область пупка; кисти сжаты в кулаки с большими пальцами внутри.|fist_missing,palm_orientation|feet_together|fist_thumb_inside|1
22|Zurückgelehnte Schildkröte|Опрокинутая черепаха|The folded kneeling position reclines onto the crown. Hands lie on the thighs, fingers following the thigh surface; the feet remain folded beneath the pelvis.|Der gefaltete Kniestand wird bis zum Scheitel zurückgelehnt. Die Hände liegen auf den Oberschenkeln, die Finger folgen deren Oberfläche; die Füße bleiben unter dem Becken gefaltet.|Из положения на коленях корпус отклонён назад до опоры на макушку. Кисти лежат на бёдрах, пальцы следуют их поверхности; стопы остаются сложенными под тазом.|knee_hand_surface|heel_contact|extended|1
23|Zurückgelehnter Frosch|Опрокинутая лягушка|The kneeling backbend rests on the head, with the arms extended along the floor behind it. The photograph crops the fingertips; exact finger placement cannot be determined.|Die Rückbeuge aus dem Kniestand ruht auf dem Kopf; die Arme liegen dahinter ausgestreckt am Boden. Die Fingerspitzen sind im Foto abgeschnitten, ihre genaue Lage ist nicht bestimmbar.|Прогиб из положения на коленях с опорой на голову; руки вытянуты по полу за головой. Кончики пальцев обрезаны краем фотографии, их точное положение не определяется.|floor_contact,source_unclear|heel_contact|obscured|1,2
24|Baum als Handstand|Дерево в стойке на руках|The selected plate is a two-hand balance with straight arms and extended legs together overhead. Palms lie on the floor, fingers spread for support; the feet lengthen upward.|Das ausgewählte Bild zeigt einen Handstand mit gestreckten Armen und zusammen nach oben verlängerten Beinen. Die Handflächen liegen am Boden, die Finger sind zum Stützen gespreizt; die Füße strecken sich nach oben.|На выбранном снимке стойка на двух прямых руках, ноги вытянуты вместе вверх. Ладони на полу, пальцы разведены для опоры; стопы вытянуты вверх.|support_surface|feet_together,toe_extension|support|1,2,3
25|Frosch im Fersensitz|Лягушка в седе на пятках|Knees together, seated on the heels with the trunk inclined forward. The Russian text places one palm over the other below the navel. The photograph hides the hands; the raised elbows do not imply hands behind the neck.|Knie zusammen, Sitz auf den Fersen mit vorgeneigtem Rumpf. Laut russischem Text liegen die Handflächen unter dem Nabel übereinander. Im Foto sind die Hände verdeckt; die angehobenen Ellenbogen bedeuten keine Hände im Nacken.|Колени вместе, сед на пятках с наклоном вперёд. Русский текст помещает ладони одну на другую под пупком. На фото кисти скрыты; поднятые локти не означают положения кистей за шеей.|abdomen_hands|feet_together|stacked|1
26|Adler|Поза орла|One leg winds around the standing leg. The arms also intertwine in front of the chest, with the joined hands projecting forward like the beak described in the text.|Ein Bein umschlingt das Standbein. Auch die Arme sind vor der Brust ineinander gewunden; die verbundenen Hände zeigen wie der im Text beschriebene Schnabel nach vorn.|Одна нога обвивает опорную. Руки также переплетены перед грудью, соединённые кисти направлены вперёд, подобно описанному в тексте клюву.|arm_wrap,palm_orientation|leg_wrap|obscured|1
27|Stier|Поза быка|The bent legs fold asymmetrically beside the trunk. Both forearms and palms rest forward on the floor; the feet lie to the sides, with parts hidden in the photograph.|Die angewinkelten Beine liegen asymmetrisch neben dem Rumpf. Beide Unterarme und Handflächen ruhen vorn am Boden; die Füße liegen seitlich und sind im Foto teilweise verdeckt.|Согнутые ноги асимметрично расположены сбоку от корпуса. Оба предплечья и ладони лежат впереди на полу; стопы направлены в стороны и частично скрыты на снимке.|support_surface|source_unclear|extended|1
28|Heuschrecke|Поза саранчи|The joined straight legs lift behind the prone body. In the illustrated variant the hands lie beneath the lower abdomen; the text separately describes palms near the shoulders.|Die zusammenliegenden gestreckten Beine heben sich hinter dem bäuchlings liegenden Körper. In der gezeigten Variante liegen die Hände unter dem Unterbauch; der Text beschreibt gesondert Handflächen nahe den Schultern.|Соединённые прямые ноги подняты за лежащим на животе корпусом. В показанном варианте кисти находятся под нижней частью живота; отдельно текст описывает ладони около плеч.|abdomen_hands,variant_conflict|feet_together|obscured|1
29|Krokodil|Поза крокодила|The body lies face down, arms lengthened forward with palms down. The legs extend behind; the small toe contacts are difficult to resolve in this plate.|Der Körper liegt bäuchlings, die Arme nach vorn verlängert, Handflächen nach unten. Die Beine sind nach hinten gestreckt; einzelne Zehenkontakte sind im Bild schwer erkennbar.|Тело лежит лицом вниз, руки вытянуты вперёд ладонями вниз. Ноги вытянуты назад; мелкие контакты пальцев ног на снимке различимы с трудом.|support_surface|source_unclear|extended|1
30|Kamel in Bauchlage|Верблюд лёжа на животе|From prone, the knees bend and the hands grasp the lower legs near the ankles, lifting the chest and thighs. The plate shows a surrounding grip, not flat hands merely touching the feet.|Aus der Bauchlage beugen sich die Knie; die Hände umfassen die Unterschenkel nahe den Knöcheln, Brust und Oberschenkel heben sich. Das Bild zeigt einen umfassenden Griff, keine bloße Berührung mit flachen Händen.|Из положения на животе колени согнуты, кисти обхватывают голени у лодыжек, грудь и бёдра подняты. На снимке показан охватывающий захват, а не простое касание стоп плоскими кистями.|ankle_grip_missing|foot_spacing|ankle_grip|1,2
31|Kobra|Поза кобры|Palms support the raised chest, placed beneath the shoulders in the text. The legs remain together with the tops of the feet on the floor.|Die Handflächen stützen den angehobenen Brustkorb; laut Text liegen sie unter den Schultern. Die Beine bleiben zusammen, die Fußrücken am Boden.|Ладони поддерживают поднятую грудь; по тексту они расположены под плечами. Ноги соединены, подъёмы стоп лежат на полу.|hand_under_shoulders|feet_together|support|1
32|Gebundene Yogahaltung|Связанная поза йоги|The selected photograph shows a forward fold in bound lotus, arms passing behind the back to the feet. The earlier upright plate instead has the left palm over the right in the lap.|Das ausgewählte Foto zeigt eine Vorbeuge im gebundenen Lotus; die Arme reichen hinter dem Rücken zu den Füßen. Im vorherigen aufrechten Bild liegt dagegen die linke Hand über der rechten im Schoß.|Выбранная фотография показывает наклон в связанном лотосе, руки проходят за спиной к стопам. На предыдущем снимке вертикального седа левая ладонь лежит поверх правой у таза.|back_clasp,toe_grip_missing|lotus_height|foot_grip|2,3
33|Rad|Поза колеса|Palms and soles support the arched body. In the selected photograph the heels are down and the fingers point toward the feet. The separate toe-supported plate is another variant.|Handflächen und Fußsohlen tragen den gewölbten Körper. Im ausgewählten Foto liegen die Fersen unten, die Finger zeigen zu den Füßen. Das weitere Bild mit Zehenstütz ist eine andere Variante.|Ладони и подошвы поддерживают тело в прогибе. На выбранном фото пятки опущены, пальцы кистей направлены к стопам. Отдельный снимок с опорой на пальцы ног показывает другой вариант.|support_surface|schematic|support|1,2
34|Liegende Knie-zur-Brust-Haltung|Подтягивание колена к груди лёжа|Both arms embrace one bent knee toward the chest. The text also lifts the head, shoulders and opposite straight leg off the floor. The fingers surround the shin rather than resting as flat paddles.|Beide Arme umfassen ein gebeugtes Knie zur Brust. Laut Text heben sich auch Kopf, Schultern und das andere gestreckte Bein vom Boden. Die Finger umfassen das Schienbein, statt flach daraufzuliegen.|Обе руки обхватывают согнутое колено у груди. По тексту голова, плечи и другая прямая нога тоже подняты над полом. Пальцы охватывают голень, а не лежат на ней плоско.|shin_grip_missing|raised_leg_contact|shin_grip|1,2
35|Angehobene Beine|Поза поднятых ног|The straight legs and upper trunk lift from the floor. The hands remain alongside the thighs at thigh height, fingers lengthened toward the knees; the feet stay close together.|Gestreckte Beine und Oberkörper heben sich vom Boden. Die Hände bleiben seitlich auf Oberschenkelhöhe, Finger zu den Knien verlängert; die Füße bleiben eng zusammen.|Прямые ноги и верх корпуса подняты над полом. Кисти находятся сбоку на уровне бёдер, пальцы вытянуты к коленям; стопы остаются близко друг к другу.|thigh_hand_surface|feet_together|extended|1
36|Stehender Hand-Zehen-Griff|Захват пальцев поднятой ноги стоя|Both hands hold the toes of the raised straight leg in the selected forward fold. A separate plate shows a one-hand big-toe grip with the other hand at the waist.|Beide Hände halten im ausgewählten vorgebeugten Stand die Zehen des angehobenen geraden Beins. Ein weiteres Bild zeigt den Großzehengriff mit einer Hand und die andere Hand an der Taille.|На выбранном снимке наклона обе кисти удерживают пальцы поднятой прямой ноги. Отдельный снимок показывает захват большого пальца одной рукой, другая кисть лежит на талии.|toe_grip_missing,variant_conflict|schematic|toe_grip|1,2,3
37|Gebundener Lotus|Связанный лотос|Lotus feet sit high on the opposite thighs, heels near the lower abdomen. Both arms pass behind the back; each hand holds the toes of the same-side foot.|Die Lotusfüße liegen hoch auf den gegenüberliegenden Oberschenkeln, Fersen am Unterbauch. Beide Arme verlaufen hinter dem Rücken; jede Hand hält die Zehen des gleichseitigen Fußes.|Стопы лотоса лежат высоко на противоположных бёдрах, пятки у нижней части живота. Обе руки проходят за спиной; каждая кисть держит пальцы одноимённой стопы.|back_clasp,toe_grip_missing|lotus_height|toe_grip|1
38|Pranava-Haltung|Поза Пранава|Both legs pass behind the head, one ankle beyond the other. The text specifies arms around the thighs and hands clasped behind the back. Hands joined at the chest do not match this source.|Beide Beine führen hinter den Kopf, ein Knöchel hinter den anderen. Laut Text umfassen die Arme die Oberschenkel, die Hände sind hinter dem Rücken verbunden. Vor der Brust verbundene Hände entsprechen dieser Quelle nicht.|Обе ноги заведены за голову, одна лодыжка за другую. Текст указывает обхват бёдер руками и сцепление кистей за спиной. Соединение ладоней перед грудью не соответствует этому источнику.|back_clasp|behind_head|interlocked|1,2
39|Boot in Bauchlage|Лодка на животе|The arms extend forward and the straight legs backward, all lifted above the floor. The photograph shows extended fingers; the exact rotation of the farther palm is indistinct.|Die Arme reichen nach vorn, die geraden Beine nach hinten; alle sind vom Boden angehoben. Das Foto zeigt gestreckte Finger; die genaue Drehung der ferneren Handfläche bleibt undeutlich.|Руки вытянуты вперёд, прямые ноги назад, всё поднято над полом. На фото пальцы кистей выпрямлены; точный разворот дальней ладони нечёткий.|source_unclear|feet_together|extended|1
40|Seitlicher Winkel|Боковой угол|With the feet wide apart, the trunk bends sideways. The lower hand touches the foot and the upper arm reaches overhead in the same direction, fingers extended.|Bei weitem Stand neigt sich der Rumpf seitlich. Die untere Hand berührt den Fuß, der obere Arm reicht über den Kopf in dieselbe Richtung, Finger gestreckt.|При широко расставленных стопах корпус наклонён вбок. Нижняя кисть касается стопы, верхняя рука вытянута над головой в том же направлении, пальцы выпрямлены.|foot_touch|schematic|extended|1
41|Verneigung zum Boden|Поклон земле|The legs spread widely along the floor. Each hand holds the toes of its corresponding foot while the abdomen, chest and chin lower between the legs.|Die Beine sind weit am Boden geöffnet. Jede Hand hält die Zehen des zugehörigen Fußes, während Bauch, Brust und Kinn zwischen den Beinen absinken.|Ноги широко разведены по полу. Каждая кисть держит пальцы соответствующей стопы, живот, грудь и подбородок опускаются между ногами.|toe_grip_missing|schematic|toe_grip|1
42|Ganzkörperhaltung mit Beinen über dem Kopf|Поза всего тела с ногами за головой|The legs pass overhead until the toes touch the floor beyond the head. The selected photograph shows the arms resting beside the torso; individual finger contacts are indistinct.|Die Beine führen über den Kopf, bis die Zehen dahinter den Boden berühren. Im ausgewählten Foto liegen die Arme neben dem Rumpf; einzelne Fingerkontakte sind undeutlich.|Ноги заведены за голову до касания пола пальцами ног. На выбранном фото руки лежат вдоль корпуса; отдельные контакты пальцев кистей нечёткие.|source_unclear|overhead_toe_contact,feet_together|relaxed|1
43|Zum Ohr gezogener Bogen|Лук с подтягиванием к уху|Each hand holds the opposite big toe. One leg remains straight on the floor while the other toe is drawn toward the opposite ear, as specified in the Russian text.|Jede Hand hält den gegenüberliegenden großen Zeh. Ein Bein bleibt gestreckt am Boden, der andere Zeh wird laut russischem Text zum gegenüberliegenden Ohr gezogen.|Каждая кисть держит большой палец противоположной ноги. Одна нога остаётся прямой на полу, палец другой подтянут к противоположному уху, как указано в русском тексте.|toe_grip_missing,cross_grip|schematic|toe_grip|1,2
44|Seitbeuge mit erhobenen Händen|Боковой наклон с поднятыми руками|The standing trunk bends sideways with both arms overhead and the fingers interlaced. The photograph cuts off the feet, so their precise spacing is not visible.|Der stehende Rumpf neigt sich seitlich, beide Arme über dem Kopf, Finger verschränkt. Das Foto schneidet die Füße ab; ihr genauer Abstand ist nicht sichtbar.|Корпус стоя наклонён вбок, обе руки над головой, пальцы переплетены. Стопы обрезаны краем фотографии, их точное расстояние не видно.|interlock_missing|source_unclear|interlocked|1
45|Berg auf den Knien|Гора на коленях|The body balances on the knees with both feet held in lotus on the opposite thighs, in front of the pelvis. Palms join overhead with fingers directed upward.|Der Körper balanciert auf den Knien, beide Füße im Lotus auf den gegenüberliegenden Oberschenkeln vor dem Becken. Die Handflächen sind über dem Kopf verbunden, Finger nach oben.|Тело балансирует на коленях, обе стопы в лотосе на противоположных бёдрах перед тазом. Ладони соединены над головой, пальцы направлены вверх.|prayer_contact|lotus_front|joined|1
46|Einbeinige Zehenhocke|Присед на пальцах одной ноги|The raised ankle rests on the opposite thigh. The supporting heel lifts so the weight is on the toes. Both hands rest at the waist, with fingers following the sides of the pelvis.|Der angehobene Knöchel liegt auf dem gegenüberliegenden Oberschenkel. Die Standferse ist angehoben, das Gewicht liegt auf den Zehen. Beide Hände ruhen an der Taille, Finger entlang der Beckenseiten.|Поднятая лодыжка лежит на противоположном бедре. Опорная пятка поднята, вес приходится на пальцы ноги. Обе кисти на талии, пальцы следуют боковым контурам таза.|waist_contact|toe_support,heel_height|curved|1,2
47|Embryo|Поза зародыша|Both arms thread between the thighs and calves of the lotus legs. In the selected final plate the palms cup the cheeks, with knees drawn toward the shoulders.|Beide Arme führen zwischen Oberschenkeln und Waden der Lotusbeine hindurch. Im ausgewählten Endbild umfassen die Handflächen die Wangen, die Knie sind zu den Schultern gezogen.|Обе руки проходят между бёдрами и икрами ног в лотосе. На выбранном конечном снимке ладони охватывают щёки, колени подтянуты к плечам.|cheek_contact,arm_thread|lotus_height|curved|1,2
48|Brahmacharya-Sitz|Поза брахмачарьи|The pelvis rests on the floor between the folded legs, feet turned outward. Hands rest over the joined knee region with the fingers directed down its contour.|Das Becken ruht zwischen den gefalteten Beinen am Boden, Füße nach außen gedreht. Die Hände liegen über dem Bereich der zusammenliegenden Knie, Finger entlang der Kontur nach unten.|Таз лежит на полу между согнутыми ногами, стопы развёрнуты наружу. Кисти лежат над областью соединённых коленей, пальцы направлены вниз по их контуру.|knee_hand_surface|feet_outward|extended|1
49|Angehobener Lotus|Поднятый лотос|Palms press beside the body, outside the folded legs, lifting the lotus seat. The feet remain on the opposite thighs with heels close below the navel.|Die Handflächen drücken neben dem Körper außerhalb der gefalteten Beine nach unten und heben den Lotussitz. Die Füße bleiben auf den gegenüberliegenden Oberschenkeln, Fersen nahe beieinander unter dem Nabel.|Ладони опираются сбоку от корпуса, снаружи сложенных ног, поднимая сед в лотосе. Стопы остаются на противоположных бёдрах, пятки близко под пупком.|hand_outside_legs|lotus_height|support|1
50|Hirsch|Поза оленя|One foot stands flat in front; the other leg bends back with its foot brought into the armpit. One palm cups the cheek, the other rests on the raised knee. The other plate uses different grips.|Ein Fuß steht vorn flach, das andere Bein ist zurückgebogen und sein Fuß in die Achsel gebracht. Eine Handfläche umfasst die Wange, die andere ruht auf dem angehobenen Knie. Das weitere Bild verwendet andere Griffe.|Одна стопа полностью стоит впереди, другая нога согнута назад, её стопа помещена в подмышку. Одна ладонь поддерживает щёку, другая лежит на поднятом колене. Другой снимок показывает иные захваты.|cheek_contact,knee_hand_surface|armpit_foot|curved|1,2,3
51|Sitzende Knieumarmung|Обхват коленей сидя|Both feet, calves and thighs stay together as the arms embrace the knees toward the chest. The selected photograph shows crossed forearms around the shins and the feet resting on the floor.|Beide Füße, Waden und Oberschenkel bleiben zusammen, die Arme umfassen die Knie zur Brust. Im ausgewählten Foto kreuzen sich die Unterarme um die Schienbeine; die Füße ruhen am Boden.|Обе стопы, икры и бёдра соединены, руки обхватывают колени у груди. На выбранном фото предплечья перекрещены вокруг голеней, стопы лежат на полу.|shin_grip_missing|feet_together,heel_contact|shin_grip|1
52|Aufgerichteter Schulterstand|Вертикальная стойка на плечах|The shoulders bear the raised body, legs and feet together overhead. Both hands support the waist from behind, with the fingers following the back and elbows on the floor.|Die Schultern tragen den angehobenen Körper, Beine und Füße zusammen nach oben. Beide Hände stützen die Taille von hinten, Finger entlang des Rückens, Ellenbogen am Boden.|Плечи поддерживают поднятое тело, ноги и стопы соединены вверху. Обе кисти поддерживают талию сзади, пальцы следуют спине, локти на полу.|back_support|feet_together,toe_extension|curved|1
53|Ungewöhnlicher Sitz|Необычный сед|One heel is raised on toe support; its knee is pressed toward the floor by the hand. The other foot comes forward near the navel while its hand presses the other knee down.|Eine Ferse ist im Zehenstütz angehoben; die Hand drückt das zugehörige Knie zum Boden. Der andere Fuß kommt nach vorn zum Nabel, während die andere Hand das zweite Knie absenkt.|Одна пятка поднята с опорой на пальцы, кисть прижимает соответствующее колено к полу. Другая стопа выведена вперёд к пупку, вторая кисть прижимает другое колено.|knee_hand_surface|toe_support,lotus_height|curved|1
54|Rad um den Kopf|Колесо вокруг головы|The head and both palms stay planted while the legs travel around them. The selected plate captures an asymmetric intermediate position on the toes, not a symmetric stationary bridge.|Kopf und beide Handflächen bleiben aufgesetzt, während die Beine um sie herumwandern. Das ausgewählte Bild zeigt eine asymmetrische Zwischenstellung auf den Zehen, keine symmetrische ruhende Brücke.|Голова и обе ладони остаются на месте, ноги перемещаются вокруг них. Выбранный снимок показывает асимметричное промежуточное положение на пальцах ног, а не симметричный неподвижный мост.|support_surface|variant_conflict,toe_support|support|1
55|Einbeinstand mit geöffneten Armen|Стойка на одной ноге с раскрытыми руками|One leg lifts backward; one arm reaches overhead and the other sideways. The selected photograph shows extended fingers and a bent rear knee with the toes angled downward.|Ein Bein hebt sich nach hinten, ein Arm nach oben, der andere seitlich. Das ausgewählte Foto zeigt gestreckte Finger und ein gebeugtes hinteres Knie mit abwärts gerichteten Zehen.|Одна нога поднята назад, одна рука вверх, другая в сторону. На выбранной фотографии пальцы кистей вытянуты, заднее колено согнуто, пальцы ноги направлены вниз.|schematic|foot_angle|extended|1,2,3
56|Fußdruck am Bauch|Прижатие стоп к животу|Heels approach the navel, toes point upward and the feet press against the abdomen. The selected photograph shows palms upward at the knees with curved thumb–index areas; exact contacts are unclear.|Fersen nahe dem Nabel, Zehen nach oben, Füße gegen den Bauch gedrückt. Das ausgewählte Foto zeigt aufwärts gerichtete Handflächen an den Knien mit gekrümmten Daumen-Zeigefinger-Bereichen; genaue Kontakte bleiben unklar.|Пятки у пупка, пальцы ног направлены вверх, стопы прижаты к животу. На выбранном фото ладони раскрыты вверх у коленей, большие и указательные пальцы согнуты; точные контакты нечёткие.|palm_orientation|abdomen_feet|gesture_unclear|1
57|Halber Drehsitz des Matsyendra|Половинная поза Матсьендры|One heel tucks beneath the pelvis; the other foot crosses beyond the knee. The front hand holds its toes. The rear arm wraps around the waist toward the navel.|Eine Ferse ist unter dem Becken verborgen; der andere Fuß steht jenseits des Knies. Die vordere Hand hält dessen Zehen. Der hintere Arm führt um die Taille zum Nabel.|Одна пятка убрана под таз, другая стопа поставлена за коленом. Передняя кисть держит её пальцы. Задняя рука обходит талию по направлению к пупку.|toe_grip_missing,waist_wrap|tucked_feet|toe_grip|2
58|Kranich|Поза журавля|The palms support the body, fingers spread, with the knees against the backs of the upper arms. Both feet lift behind, held close in the selected photograph.|Die Handflächen tragen den Körper, Finger gespreizt, Knie an den Rückseiten der Oberarme. Beide Füße heben sich hinten und bleiben im ausgewählten Foto eng beieinander.|Ладони поддерживают тело, пальцы разведены, колени упираются в заднюю поверхность плеч. Обе стопы подняты сзади и на выбранном снимке находятся близко друг к другу.|support_surface|feet_together|support|1
59|Armstütz mit gespreizten Beinen|Упор с разведёнными ногами|In the selected variant both palms support the body while straight legs extend upward and outward around the arms. The earlier supine variant instead holds the big toes with the hands.|In der ausgewählten Variante tragen beide Handflächen den Körper, gestreckte Beine reichen um die Arme nach oben und außen. In der vorherigen Rückenlage werden dagegen die großen Zehen gehalten.|В выбранном варианте обе ладони поддерживают тело, прямые ноги вытянуты вверх и в стороны вокруг рук. В предыдущем варианте лёжа на спине кисти удерживают большие пальцы ног.|support_surface,variant_conflict|schematic|support|1,2
60|Vorbeuge mit beidseitigem Knöchelgriff|Наклон с захватом обеих лодыжек|The head and shoulders pass between the legs beneath the knees. Both hands wrap around the ankles; the plate shows outward-turned feet and a view of the abdomen from behind.|Kopf und Schultern führen zwischen den Beinen unter die Knie. Beide Hände umfassen die Knöchel; das Bild zeigt nach außen gedrehte Füße und den von hinten sichtbaren Bauch.|Голова и плечи проходят между ногами под коленями. Обе кисти обхватывают лодыжки; на снимке стопы развёрнуты наружу, живот виден сзади.|ankle_grip_missing,arm_thread|feet_outward|ankle_grip|1
61|Schaukel im Lotus|Качели в лотосе|The lotus legs and pelvis lift between the arms. The photograph shows spread fingers supporting the hands with raised palm contours; the text calls this palm support. Feet remain on the opposite thighs.|Lotusbeine und Becken heben sich zwischen den Armen. Das Foto zeigt gespreizte Finger und angehobene Handflächenkonturen; der Text nennt Handflächenstütz. Die Füße bleiben auf den gegenüberliegenden Oberschenkeln.|Ноги в лотосе и таз подняты между руками. На фото пальцы разведены, контуры ладоней приподняты; текст называет это опорой на ладони. Стопы остаются на противоположных бёдрах.|finger_support|lotus_height|support|1
62|Bequemer Sitz|Удобный сед|A comfortable crossed-leg seat. The selected photograph shows overlapping hands in the lap, palms upward; the Russian sentence instead places the hands on the knees. The two references differ.|Bequemer Sitz mit gekreuzten Beinen. Das ausgewählte Foto zeigt übereinanderliegende Hände im Schoß, Handflächen nach oben; der russische Satz nennt dagegen Hände auf den Knien. Die beiden Angaben unterscheiden sich.|Удобный сед со скрещёнными ногами. На выбранном фото кисти лежат одна на другой у таза ладонями вверх; русская фраза указывает руки на коленях. Эти два указания различаются.|palm_stack,variant_conflict|tucked_feet|stacked|1
63|Kopf-zum-Knie mit halbem Lotus|Голова к колену с полулотосом|In the selected plate the folded foot rests high on the opposite thigh. The opposite hand holds the extended leg's toes; the other arm reaches behind the back toward the lotus heel.|Im ausgewählten Bild liegt der gefaltete Fuß hoch auf dem anderen Oberschenkel. Die gegenüberliegende Hand hält die Zehen des gestreckten Beins; der andere Arm greift hinter dem Rücken zur Lotusferse.|На выбранном снимке согнутая стопа лежит высоко на противоположном бедре. Противоположная кисть держит пальцы прямой ноги; другая рука проходит за спиной к пятке в лотосе.|toe_grip_missing,back_clasp,cross_grip|lotus_height|toe_grip|1
64|Rückbeuge mit Knöchelgriff|Прогиб назад с захватом лодыжек|The book describes a backward bend with straight knees and feet together. Both hands hold the ankles behind the body, bringing the head toward the backs of the legs. A forward-fold model reverses this pose.|Das Buch beschreibt eine Rückbeuge mit geraden Knien und geschlossenen Füßen. Beide Hände halten die Knöchel hinter dem Körper, der Kopf nähert sich den Beinrückseiten. Ein Vorbeugenmodell kehrt diese Haltung um.|Книга описывает прогиб назад с прямыми коленями и соединёнными стопами. Обе кисти держат лодыжки позади тела, голова приближается к задней поверхности ног. Модель наклона вперёд меняет направление этой позы.|backbend_direction,ankle_grip_missing|feet_together|ankle_grip|1,2
65|Gegrätschte Überkopfhaltung|Положение за головой с разведёнными ногами|Both legs pass overhead and spread widely toward the floor. Each hand firmly holds the toes of its corresponding foot, with the arms extending toward the separated feet.|Beide Beine führen über den Kopf und öffnen sich weit zum Boden. Jede Hand hält fest die Zehen des zugehörigen Fußes, die Arme reichen zu den getrennten Füßen.|Обе ноги заведены за голову и широко разведены к полу. Каждая кисть крепко держит пальцы соответствующей стопы, руки вытянуты к разведённым стопам.|toe_grip_missing|overhead_toe_contact,foot_spacing|toe_grip|1
66|Armstütz mit einem Bein auf der Schulter|Упор с одной ногой на плече|One leg rests over the shoulder with its foot pointing forward. Both palms support the lifted body beside the hips; the other straight leg extends forward above the floor.|Ein Bein liegt über der Schulter, sein Fuß zeigt nach vorn. Beide Handflächen stützen den angehobenen Körper neben den Hüften; das andere gerade Bein reicht über dem Boden nach vorn.|Одна нога лежит на плече стопой вперёд. Обе ладони поддерживают поднятое тело сбоку от таза; другая прямая нога вытянута вперёд над полом.|support_surface|foot_angle|support|1,2
67|Armstütz mit beiden Beinen auf den Schultern|Упор с обеими ногами на плечах|Both legs fold over the shoulders with the feet directed outward. Palms beside the body lift the pelvis from the floor; fingers spread for support.|Beide Beine liegen gefaltet über den Schultern, die Füße zeigen nach außen. Handflächen neben dem Körper heben das Becken vom Boden; Finger zum Stützen gespreizt.|Обе ноги согнуты на плечах, стопы направлены наружу. Ладони сбоку от корпуса поднимают таз над полом; пальцы разведены для опоры.|support_surface|feet_outward|support|1
68|Kopf-zum-Knie mit rückwärtigem Zehengriff|Голова к колену с задним захватом пальцев ноги|The supporting leg stays straight as the trunk folds forward. Both hands hold the other foot's toes behind the body, drawing its heel toward the buttock.|Das Standbein bleibt gerade, der Rumpf beugt sich vor. Beide Hände halten hinter dem Körper die Zehen des anderen Fußes und ziehen dessen Ferse zum Gesäß.|Опорная нога остаётся прямой при наклоне вперёд. Обе кисти держат пальцы другой стопы позади тела, подтягивая её пятку к ягодице.|toe_grip_missing|heel_contact|toe_grip|1
69|Liegender Skorpion|Лежащий скорпион|Arms spread sideways: the text explicitly places thumbs on the floor and the other fingers upward. The bent legs arc toward the chin, with the big toes touching each other.|Arme seitlich geöffnet: Laut Text berühren die Daumen den Boden, die übrigen Finger zeigen nach oben. Die gebeugten Beine führen zum Kinn, die großen Zehen berühren einander.|Руки разведены в стороны: текст прямо указывает большие пальцы кистей на полу, остальные вверх. Согнутые ноги заведены к подбородку, большие пальцы ног соприкасаются.|thumb_floor|chin_feet,feet_together|thumb_down|1
70|Armstütz mit Füßen über dem Kopf|Упор со стопами над головой|In the selected variant the soles meet above the head while both palms support the lifted body. The other plate crosses the feet behind the shoulders; these are different arrangements.|In der ausgewählten Variante treffen sich die Fußsohlen über dem Kopf, beide Handflächen tragen den angehobenen Körper. Das andere Bild kreuzt die Füße hinter den Schultern; dies sind unterschiedliche Anordnungen.|В выбранном варианте подошвы соединены над головой, обе ладони поддерживают поднятое тело. На другом снимке стопы перекрещены за плечами; это разные положения.|support_surface|above_head_soles|support|1,2,3
71|Palme auf den Zehen|Пальма на носках|Feet together, heels raised on the toes. Both arms extend beside the ears; the text specifies palms facing outward. The selected plate keeps the hands apart, not joined in prayer.|Füße zusammen, Fersen im Zehenstand angehoben. Beide Arme reichen neben den Ohren hoch; laut Text zeigen die Handflächen nach außen. Im ausgewählten Bild sind die Hände getrennt, nicht zum Gebet verbunden.|Стопы соединены, пятки подняты с опорой на пальцы. Обе руки вытянуты вдоль ушей; по тексту ладони обращены наружу. На выбранном фото кисти раздельны, а не соединены в молитвенном жесте.|palms_outward|feet_together|extended|1
72|Bachstelze auf den Knien|Трясогузка на коленях|The body balances on the knees, arms spread like wings. The text brings the feet toward the buttocks, off the floor; they are largely hidden in the selected frontal photograph.|Der Körper balanciert auf den Knien, die Arme wie Flügel geöffnet. Laut Text heben sich die Füße zum Gesäß vom Boden; im ausgewählten Frontfoto sind sie weitgehend verdeckt.|Тело балансирует на коленях, руки раскрыты как крылья. По тексту стопы подняты к ягодицам над полом; на выбранном фронтальном снимке они в основном скрыты.|schematic|raised_leg_contact,heel_contact|extended|1,2
73|Einbeinige Schulterhaltung mit Nackengriff|Одна нога на плече с замком у шеи|One bent leg rests on the shoulder; the other heel tucks beneath the pelvis. The text specifies interlaced fingers at the neck, with both elbows bent around the head.|Ein gebeugtes Bein liegt auf der Schulter, die andere Ferse unter dem Becken. Laut Text sind die Finger am Nacken verschränkt, beide Ellenbogen um den Kopf gebeugt.|Одна согнутая нога лежит на плече, другая пятка убрана под таз. Текст указывает переплетённые пальцы кистей у шеи, оба локтя согнуты вокруг головы.|neck_clasp,interlock_missing|tucked_feet|interlocked|1
74|Beidseitiger Schulter-Fuß-Griff|Удержание обеих стоп у плеч|Both bent legs rest over the shoulders. Each hand supports and holds its corresponding foot near the heel, with the soles facing forward in the photograph.|Beide gebeugten Beine liegen über den Schultern. Jede Hand stützt und hält den zugehörigen Fuß nahe der Ferse; im Foto zeigen die Sohlen nach vorn.|Обе согнутые ноги лежат на плечах. Каждая кисть поддерживает и удерживает соответствующую стопу у пятки; на фото подошвы обращены вперёд.|foot_grip_missing|foot_angle|foot_grip|1
75|Kniestand mit rückwärtigem Fußgriff|Стойка на коленях с задним захватом стоп|The knees are separated, torso upright. Each hand reaches behind to hold the same-side foot or toes, lifting the feet toward the hands; the grips are hidden in the frontal photograph.|Die Knie stehen auseinander, der Rumpf aufrecht. Jede Hand greift hinter dem Körper den gleichseitigen Fuß oder dessen Zehen; die Füße sind zu den Händen angehoben. Im Frontfoto sind die Griffe verdeckt.|Колени разведены, корпус вертикален. Каждая кисть позади тела удерживает одноимённую стопу или её пальцы, стопы подняты к кистям; на фронтальном фото захваты скрыты.|toe_grip_missing|raised_leg_contact|foot_grip|1
76|Stehende Hand-Fuß-Vorbeuge|Наклон стоя с кистями у стоп|Legs and feet stay together in a standing forward fold. The selected plate places the palms flat beside the feet; the text also permits a big-toe grip as a separate option.|Beine und Füße bleiben in der stehenden Vorbeuge zusammen. Im ausgewählten Bild liegen die Handflächen flach neben den Füßen; der Text erlaubt zusätzlich einen Großzehengriff als eigene Möglichkeit.|Ноги и стопы соединены в наклоне стоя. На выбранном снимке ладони лежат плоско рядом со стопами; текст также допускает отдельный вариант захвата больших пальцев ног.|hand_beside_feet|feet_together|support|1,2
77|Ein Bein hinter dem Nacken|Одна нога за шеей|One leg passes behind the neck, with its foot above the opposite shoulder. Palms join in front of the chest. The other leg folds on the floor in this plate; another plate extends it.|Ein Bein führt hinter den Nacken, sein Fuß über die gegenüberliegende Schulter. Die Handflächen verbinden sich vor der Brust. Das andere Bein liegt hier gefaltet am Boden; ein weiteres Bild streckt es aus.|Одна нога заведена за шею, её стопа над противоположным плечом. Ладони соединены перед грудью. Другая нога на этом снимке согнута на полу; на другом вытянута.|prayer_contact|behind_head|joined|1,2,3
78|Beide Beine hinter dem Nacken|Обе ноги за шеей|Both legs cross behind the neck and shoulders, with the feet rising above the head. Palms join at the chest and the forearms lie in front of the folded legs.|Beide Beine kreuzen sich hinter Nacken und Schultern, die Füße ragen über den Kopf. Die Handflächen sind vor der Brust verbunden, die Unterarme liegen vor den gefalteten Beinen.|Обе ноги перекрещены за шеей и плечами, стопы подняты над головой. Ладони соединены у груди, предплечья находятся перед сложенными ногами.|prayer_contact|behind_head|joined|1,2
79|Sitz mit angehobenen Fersen|Сед с поднятыми пятками|Knees spread wide, heels together and raised near the perineum, toes lowered to the floor. Hands rest at the knees; the photograph shows upward-facing palms with curved fingers.|Knie weit geöffnet, Fersen zusammen und nahe dem Damm angehoben, Zehen zum Boden abgesenkt. Hände an den Knien; das Foto zeigt aufwärts gerichtete Handflächen mit gekrümmten Fingern.|Колени широко разведены, пятки соединены и подняты у промежности, пальцы ног опущены на пол. Кисти у коленей; на фото ладони обращены вверх, пальцы согнуты.|palm_orientation|heel_height,toe_support|gesture_unclear|1
80|Gedrehte Hocke|Скручивание в приседе|From a squat, one knee moves across toward the opposite foot as the torso turns. The hands hold the knee surfaces, with fingers wrapping their contours; the photograph shows one knee low and the other upright.|Aus der Hocke bewegt sich ein Knie zum gegenüberliegenden Fuß, der Rumpf dreht sich. Die Hände halten die Knieoberflächen mit umfassenden Fingern; im Foto ist ein Knie tief, das andere aufgerichtet.|Из приседа одно колено движется к противоположной стопе при повороте корпуса. Кисти удерживают поверхности коленей, пальцы огибают их контуры; на фото одно колено опущено, другое поднято.|knee_hand_surface,cross_grip|heel_contact|curved|1,2
81|Schwebender Langsitz|Поднятый сед с прямыми ногами|Straight legs stay together while the body lifts. The text explicitly specifies fingertips on the floor beside the buttocks; the photograph shows arched hands rather than flat-palm support.|Die geraden Beine bleiben zusammen, während der Körper abhebt. Der Text nennt ausdrücklich Fingerspitzen am Boden neben dem Gesäß; das Foto zeigt gewölbte Hände statt flachem Handflächenstütz.|Прямые ноги остаются соединёнными при подъёме тела. Текст прямо указывает кончики пальцев кистей на полу рядом с ягодицами; на фото кисти сводчатые, а не плоско опирающиеся ладони.|finger_support|feet_together|fingertip_support|1
82|Sitzende Beinstreckung mit Zehengriff|Подъём прямых ног сидя с захватом пальцев|Both hands hold the big toes as the straight legs lift together in front of the seated body. The fingers close around the toes; knees remain extended.|Beide Hände halten die großen Zehen, während die geraden Beine zusammen vor dem sitzenden Körper anheben. Die Finger schließen sich um die Zehen; die Knie bleiben gestreckt.|Обе кисти держат большие пальцы ног при подъёме прямых соединённых ног перед сидящим корпусом. Пальцы кистей охватывают пальцы ног, колени остаются выпрямленными.|toe_grip_missing|feet_together|toe_grip|1,2
83|Sitzende Grätsche|Сед с разведёнными ногами|The selected upright plate spreads both straight legs along the floor, toes upward. Hands rest palm-down on the corresponding lower legs. Other plates add side or forward folds.|Im ausgewählten aufrechten Bild liegen beide geraden Beine weit am Boden, Zehen nach oben. Die Hände ruhen mit den Handflächen nach unten auf den zugehörigen Unterschenkeln. Weitere Bilder ergänzen Seiten- oder Vorbeugen.|На выбранном вертикальном снимке обе прямые ноги широко разведены по полу, пальцы вверх. Кисти ладонями вниз лежат на соответствующих голенях. Другие снимки добавляют боковой или передний наклон.|shin_hand_surface,palm_orientation|schematic|extended|1
84|Kopfstand|Стойка на голове|The selected upright headstand has the fingers interlaced behind the head and both forearms on the floor. The straight legs and feet remain together overhead; other plates show preparation and leg variations.|Im ausgewählten aufrechten Kopfstand sind die Finger hinter dem Kopf verschränkt, beide Unterarme am Boden. Gerade Beine und Füße bleiben oben zusammen; weitere Bilder zeigen Vorbereitung und Beinvarianten.|На выбранной вертикальной стойке пальцы кистей переплетены за головой, оба предплечья на полу. Прямые ноги и стопы соединены вверху; другие снимки показывают подготовку и варианты ног.|head_cradle,interlock_missing|feet_together,toe_extension|interlocked|3,4,5,6,7
85|Liegende Haltung mit Bein hinter dem Nacken|Положение лёжа с ногой за шеей|One leg passes behind the head toward the opposite shoulder; the other extends along the floor. The arms lie beside the hips in the plate, with finger details partly hidden.|Ein Bein führt hinter dem Kopf zur gegenüberliegenden Schulter, das andere liegt gestreckt am Boden. Im Bild liegen die Arme neben den Hüften, Fingerdetails sind teilweise verdeckt.|Одна нога проходит за головой к противоположному плечу, другая вытянута по полу. На снимке руки лежат сбоку от таза, детали пальцев частично скрыты.|source_unclear|behind_head,foot_angle|obscured|1
86|Stehende Rumpfdrehung|Поворот корпуса стоя|Feet are separated by about 50 cm in the text. One arm extends in the direction of the turn while the other bends across the chest. The selected photograph shows vertically oriented open palms.|Laut Text stehen die Füße etwa 50 cm auseinander. Ein Arm streckt sich in Drehrichtung, der andere beugt sich vor der Brust. Das ausgewählte Foto zeigt senkrecht ausgerichtete offene Handflächen.|По тексту стопы расставлены примерно на 50 см. Одна рука вытянута по направлению поворота, другая согнута перед грудью. На выбранном фото раскрытые ладони расположены вертикально.|palm_orientation|foot_spacing|extended|1
87|Sitz mit nach vorn gedrehten Fersen|Сед с пятками вперёд|Knees open to the sides and the joined feet rotate so the heels point forward. Hands rest at the knees, palms upward in the photograph, with small curved finger contacts not sharply resolved.|Knie seitlich geöffnet, verbundene Füße so gedreht, dass die Fersen nach vorn zeigen. Hände an den Knien, im Foto Handflächen nach oben; kleine gekrümmte Fingerkontakte sind nicht scharf erkennbar.|Колени разведены в стороны, соединённые стопы развёрнуты пятками вперёд. Кисти у коленей, на фото ладони вверх; мелкие контакты согнутых пальцев нечёткие.|palm_orientation|heel_forward|gesture_unclear|1,2
88|Stabstütz mit Bein hinter dem Nacken|Упор с ногой за шеей|One leg passes behind the head to the opposite shoulder. The palms are shoulder-width on the floor and the other leg reaches backward onto its toes, supporting the selected plank-like shape.|Ein Bein führt hinter dem Kopf zur gegenüberliegenden Schulter. Die Handflächen stehen schulterbreit am Boden, das andere Bein reicht nach hinten auf die Zehen und trägt die ausgewählte Stützhaltung.|Одна нога проходит за головой к противоположному плечу. Ладони на полу на ширине плеч, другая нога отведена назад с опорой на пальцы и поддерживает выбранное положение упора.|support_surface|behind_head,toe_support|support|1,2
89|Liegender Diamantsitz|Лежащая поза алмаза|From the kneeling seat the trunk arches backward onto the head. Both hands lie on the thighs; the feet remain folded beneath the pelvis as in the book's Vajrāsana.|Aus dem Fersensitz wölbt sich der Rumpf nach hinten auf den Kopf. Beide Hände liegen auf den Oberschenkeln; die Füße bleiben wie im Vajrāsana des Buches unter dem Becken gefaltet.|Из седа на пятках корпус прогнут назад до опоры на голову. Обе кисти лежат на бёдрах; стопы остаются сложенными под тазом, как в Ваджрасане книги.|thigh_hand_surface|heel_contact,feet_together|extended|1
90|Grätschenvorbeuge mit Ellenbogengriff|Наклон в широкой складке с захватом локтей|Straight legs spread along the floor as the chest lowers between them. Behind the back each hand grasps the opposite elbow, as explicitly stated in the text.|Gerade Beine liegen weit am Boden, die Brust sinkt dazwischen. Hinter dem Rücken hält jede Hand den gegenüberliegenden Ellenbogen, wie im Text ausdrücklich beschrieben.|Прямые ноги широко разведены по полу, грудь опускается между ними. За спиной каждая кисть захватывает противоположный локоть, как прямо указано в тексте.|elbow_grip_missing|schematic|elbow_grip|1
91|Krähenhocke|Присед ворона|A deep squat with feet about 35 cm apart in the text, heels on the floor in the photograph. Hands rest over the knees, fingers draping down their fronts.|Tiefe Hocke mit laut Text etwa 35 cm Fußabstand; im Foto liegen die Fersen am Boden. Hände auf den Knien, Finger über deren Vorderseiten nach unten.|Глубокий присед со стопами примерно в 35 см друг от друга по тексту; на фото пятки на полу. Кисти лежат на коленях, пальцы свисают по их передней поверхности.|knee_hand_surface|heel_contact,foot_spacing|extended|1
92|Schwebender Lotus mit Vorneigung|Подвешенный лотос с наклоном|The text specifies lotus legs in a lifted hand balance. Palms press into the floor, fingers spread; the folded feet tuck across the opposite thighs rather than trailing separately behind.|Der Text beschreibt Lotusbeine im angehobenen Handstütz. Handflächen drücken am Boden, Finger gespreizt; die gefalteten Füße liegen über den gegenüberliegenden Oberschenkeln und hängen nicht getrennt nach hinten.|Текст указывает ноги в лотосе в поднятом упоре на руках. Ладони на полу, пальцы разведены; сложенные стопы лежат на противоположных бёдрах, а не отдельно сзади.|support_surface|lotus_missing|support|1
93|Liegender Großzeh-zur-Nase-Griff|Большой палец ноги к носу лёжа|Lying on the back, both hands hold one foot so its big toe approaches the nose. The other leg stays straight on the floor. The later plate brings both feet toward the face.|In Rückenlage halten beide Hände einen Fuß, sodass dessen großer Zeh die Nase erreicht. Das andere Bein bleibt gerade am Boden. Das weitere Bild führt beide Füße zum Gesicht.|Лёжа на спине, обе кисти держат одну стопу, подводя её большой палец к носу. Другая нога остаётся прямой на полу. Следующий снимок подводит к лицу обе стопы.|foot_grip_missing|nose_toe_contact|foot_grip|1,2
94|Knie an den Ohren|Колени у ушей|The knees bend beside the ears in the overhead fold. Arms rest along the floor beside the torso. The selected photograph shows the toes bent onto the floor, heels raised behind the head.|Die Knie beugen sich in der Überkopfbeuge neben die Ohren. Die Arme ruhen neben dem Rumpf am Boden. Das ausgewählte Foto zeigt aufgestellte Zehen am Boden und angehobene Fersen hinter dem Kopf.|Колени согнуты у ушей в положении за головой. Руки лежат по полу вдоль корпуса. На выбранном фото пальцы ног подогнуты с опорой на пол, пятки подняты за головой.|source_unclear|toe_support,heel_height|relaxed|1
95|Meru-Stab mit Füßen am Kinn|Посох Меру со стопами у подбородка|From prone, the text brings the feet toward the chin using grips above the ankles. In the selected photograph both elbows rest on the floor and the toes meet below the chin.|Aus der Bauchlage führt der Text die Füße mit Griffen oberhalb der Knöchel zum Kinn. Im ausgewählten Foto ruhen beide Ellenbogen am Boden, die Zehen treffen sich unter dem Kinn.|Из положения на животе текст подводит стопы к подбородку захватами выше лодыжек. На выбранном снимке оба локтя на полу, пальцы ног соединены под подбородком.|ankle_grip_missing,floor_contact|chin_feet|ankle_grip|1
96|Großzeh-zur-Nase im weiten Ausfallschritt|Большой палец ноги к носу в широком шаге|In a long staggered stance the nose lowers toward the front big toe. Behind the back the left hand holds the right wrist, as the text specifies. The rear heel is raised in the plate.|Im langen Schritt senkt sich die Nase zum vorderen großen Zeh. Hinter dem Rücken hält laut Text die linke Hand das rechte Handgelenk. Die hintere Ferse ist im Bild angehoben.|В широком шаге нос опускается к большому пальцу передней ноги. За спиной левая кисть держит правое запястье, как указано в тексте. На снимке задняя пятка поднята.|wrist_grip_missing|heel_height,nose_toe_contact|wrist_grip|1,2
97|Stand des Kala Bhairava|Стойка Кала Бхайравы|The text places one foot directly behind the other, about 35 cm apart. One arm reaches forward and the other backward, hands open with extended fingers.|Laut Text steht ein Fuß direkt hinter dem anderen, etwa 35 cm entfernt. Ein Arm reicht nach vorn, der andere nach hinten, Hände offen und Finger gestreckt.|По тексту одна стопа расположена прямо за другой примерно в 35 см. Одна рука вытянута вперёд, другая назад, кисти раскрыты, пальцы выпрямлены.|schematic|foot_spacing|extended|2,3
98|Vierwinkelhaltung|Четырёхугольная поза|One heel tucks beneath the pelvis; the other leg rests on the shoulder with its heel near the chin. The hands interlace behind the head, as specified in the text.|Eine Ferse liegt unter dem Becken, das andere Bein auf der Schulter mit der Ferse nahe dem Kinn. Die Hände sind laut Text hinter dem Kopf verschränkt.|Одна пятка убрана под таз, другая нога лежит на плече пяткой у подбородка. Кисти сцеплены за головой, как указано в тексте.|neck_clasp,interlock_missing|chin_feet,tucked_feet|interlocked|1
99|Kuckuck im Lotus|Кукушка в лотосе|Lotus feet rest on the opposite thighs, heels near the navel. Each hand holds the toes of the same-side foot; the crossed forearms and elbows lower toward the floor.|Lotusfüße auf den gegenüberliegenden Oberschenkeln, Fersen nahe dem Nabel. Jede Hand hält die Zehen des gleichseitigen Fußes; gekreuzte Unterarme und Ellenbogen senken sich zum Boden.|Стопы лотоса лежат на противоположных бёдрах, пятки у пупка. Каждая кисть держит пальцы одноимённой стопы; скрещённые предплечья и локти опускаются к полу.|toe_grip_missing,floor_contact|lotus_missing|toe_grip|1
100|Skorpion im Unterarmstand|Скорпион на предплечьях|The selected variant rests on separated forearms and palms, with the knees bent and feet arcing toward the head. The second plate uses hand support and brings the toes to the forehead.|Die ausgewählte Variante ruht auf getrennten Unterarmen und Handflächen, Knie gebeugt, Füße zum Kopf gewölbt. Das zweite Bild verwendet Handstütz und führt die Zehen zur Stirn.|Выбранный вариант опирается на раздельные предплечья и ладони, колени согнуты, стопы заведены к голове. Второй снимок использует упор на кисти и подводит пальцы ног ко лбу.|support_surface|head_feet|support|1,2
101|Seitlage mit Faust als Kopfstütze|Боковое положение с кулаком под головой|One leg passes behind the head to the opposite shoulder; the other extends on the floor. The supporting elbow rests on the floor and its closed fist supports the head. The other hand rests on the straight leg's knee.|Ein Bein führt hinter dem Kopf zur gegenüberliegenden Schulter, das andere liegt gestreckt am Boden. Der stützende Ellenbogen liegt am Boden, seine geschlossene Faust trägt den Kopf. Die andere Hand liegt auf dem Knie des geraden Beins.|Одна нога проходит за головой к противоположному плечу, другая вытянута по полу. Опорный локоть на полу, сжатый кулак поддерживает голову. Другая кисть лежит на колене прямой ноги.|fist_missing,head_fist,knee_hand_surface|behind_head|fist|1
102|Pfau im Lotus|Павлин в лотосе|The horizontal body balances on both palms with lotus legs folded behind. The text specifies a four-finger-width gap between the hands; the feet remain on the opposite thighs.|Der waagerechte Körper balanciert auf beiden Handflächen, Lotusbeine hinten gefaltet. Laut Text beträgt der Handabstand vier Fingerbreiten; die Füße bleiben auf den gegenüberliegenden Oberschenkeln.|Горизонтальное тело балансирует на обеих ладонях, ноги сложены сзади в лотосе. Текст указывает расстояние между кистями в четыре пальца; стопы остаются на противоположных бёдрах.|hand_spacing,elbow_path|lotus_height|support|1
103|Vollständiges Rad um die Hände|Полное колесо вокруг кистей|The palms stay planted while the feet step around them. The selected photograph shows an intermediate turn with one knee bent and the other leg extended; it does not define a single permanent foot arrangement.|Die Handflächen bleiben aufgesetzt, während die Füße um sie herumtreten. Das ausgewählte Foto zeigt eine Zwischenwendung mit einem gebeugten und einem gestreckten Bein; es legt keine dauerhafte Fußanordnung fest.|Ладони остаются на месте, стопы переступают вокруг них. Выбранное фото показывает промежуточный поворот с одной согнутой и другой прямой ногой; это не постоянное положение стоп.|support_surface|foot_angle,variant_conflict|support|1
104|Vogel mit Bein hinter dem Nacken|Птица с ногой за шеей|The standing leg stays straight. The other leg passes behind the neck to the opposite shoulder. Both arms extend sideways at shoulder height, palms down with fingers extended in the photograph.|Das Standbein bleibt gerade. Das andere Bein führt hinter dem Nacken zur gegenüberliegenden Schulter. Beide Arme reichen seitlich auf Schulterhöhe, im Foto Handflächen nach unten und Finger gestreckt.|Опорная нога остаётся прямой. Другая проходит за шеей к противоположному плечу. Обе руки вытянуты в стороны на уровне плеч, на фото ладони вниз, пальцы прямые.|schematic|behind_head|extended|1
105|Pferdehaltung im halben Lotus|Поза лошади в полулотосе|One heel rests high on the opposite thigh; its knee lowers toward the supporting ankle. Palms join before the chest. The second photograph lowers that knee to the floor beside the heel.|Eine Ferse liegt hoch auf dem gegenüberliegenden Oberschenkel, ihr Knie senkt sich zum Standknöchel. Die Handflächen verbinden sich vor der Brust. Das zweite Foto senkt dieses Knie neben der Ferse zum Boden.|Одна пятка лежит высоко на противоположном бедре, её колено опускается к опорной лодыжке. Ладони соединены перед грудью. На втором фото это колено опущено на пол рядом с пяткой.|prayer_contact|lotus_height|joined|1,2
106|Einbeinige Rückstreckung mit Knöchelgriff|Подъём ноги назад с захватом лодыжки|One leg rises high behind the body. The same-side hand grips its ankle while the other arm extends forward, palm down. The supporting knee remains straight.|Ein Bein hebt sich hoch hinter dem Körper. Die gleichseitige Hand hält dessen Knöchel, der andere Arm reicht nach vorn, Handfläche nach unten. Das Standknie bleibt gerade.|Одна нога поднята высоко за телом. Одноимённая кисть держит её лодыжку, другая рука вытянута вперёд ладонью вниз. Опорное колено остаётся прямым.|ankle_grip_missing|hand_foot_gap|ankle_grip|1
107|Sitz der drei Verschlüsse|Поза трёх замков|Lotus feet rest high on the opposite thighs, heels together below the navel. Hands lie over the knees with fingers curving downward; the chin lowers toward the chest in the selected plate.|Lotusfüße liegen hoch auf den gegenüberliegenden Oberschenkeln, Fersen zusammen unter dem Nabel. Die Hände liegen über den Knien, Finger nach unten gekrümmt; im ausgewählten Bild ist das Kinn zur Brust gesenkt.|Стопы лотоса лежат высоко на противоположных бёдрах, пятки соединены под пупком. Кисти лежат на коленях, пальцы согнуты вниз; на выбранном снимке подбородок опущен к груди.|knee_hand_surface|lotus_height|curved|1
108|Tanzhaltung des Nataraja|Танцевальная поза Натараджи|The first of six distinct dance plates lifts one bent knee. One palm faces outward near the chest; the other wrist bends down across the body. Finger shapes and foot directions vary between the six plates.|Das erste von sechs unterschiedlichen Tanzbildern hebt ein gebeugtes Knie. Eine Handfläche zeigt nahe der Brust nach außen, das andere Handgelenk beugt sich vor dem Körper abwärts. Fingerformen und Fußrichtungen unterscheiden sich zwischen den sechs Bildern.|На первом из шести разных танцевальных снимков поднято одно согнутое колено. Одна ладонь обращена наружу у груди, другое запястье согнуто вниз перед корпусом. Формы пальцев и направления стоп различаются на шести снимках.|gesture_detail,variant_conflict|foot_angle|dance|9,11
